country_region_code,country_region,sub_region_1,sub_region_2,metro_area,iso_3166_2_code,census_fips_code,place_id,date,retail_and_recreation_percent_change_from_baseline,grocery_and_pharmacy_percent_change_from_baseline,parks_percent_change_from_baseline,transit_stations_percent_change_from_baseline,workplaces_percent_change_from_baseline,residential_percent_change_from_baseline
ID,Indonesia,Jakarta,,,ID-JK,,ChIJnUvjRenzaS4RILjULejFAAE,1/1/2021,-46,-27,-51,-61,-73,22
ID,Indonesia,Jakarta,,,ID-JK,,ChIJnUvjRenzaS4RILjULejFAAE,1/2/2021,-39,-15,-50,-41,-33,11
ID,Indonesia,Jakarta,,,ID-JK,,ChIJnUvjRenzaS4RILjULejFAAE,1/3/2021,-40,-19,-58,-34,-15,9
ID,Indonesia,Jakarta,,,ID-JK,,ChIJnUvjRenzaS4RILjULejFAAE,1/4/2021,-29,-5,-50,-39,-32,13
ID,Indonesia,Jakarta,,,ID-JK,,ChIJnUvjRenzaS4RILjULejFAAE,1/5/2021,-32,-9,-53,-39,-33,14
ID,Indonesia,Jakarta,,,ID-JK,,ChIJnUvjRenzaS4RILjULejFAAE,1/6/2021,-30,-11,-52,-40,-32,14
ID,Indonesia,Jakarta,,,ID-JK,,ChIJnUvjRenzaS4RILjULejFAAE,1/7/2021,-31,-10,-51,-41,-33,15
ID,Indonesia,Jakarta,,,ID-JK,,ChIJnUvjRenzaS4RILjULejFAAE,1/8/2021,-28,-9,-44,-41,-31,15
ID,Indonesia,Jakarta,,,ID-JK,,ChIJnUvjRenzaS4RILjULejFAAE,1/9/2021,-38,-18,-58,-39,-20,11
ID,Indonesia,Jakarta,,,ID-JK,,ChIJnUvjRenzaS4RILjULejFAAE,1/10/2021,-32,-9,-55,-34,-12,9
ID,Indonesia,Jakarta,,,ID-JK,,ChIJnUvjRenzaS4RILjULejFAAE,1/11/2021,-32,-12,-50,-43,-34,15
ID,Indonesia,Jakarta,,,ID-JK,,ChIJnUvjRenzaS4RILjULejFAAE,1/12/2021,-36,-17,-54,-44,-36,15
ID,Indonesia,Jakarta,,,ID-JK,,ChIJnUvjRenzaS4RILjULejFAAE,1/13/2021,-36,-18,-53,-45,-36,14
ID,Indonesia,Jakarta,,,ID-JK,,ChIJnUvjRenzaS4RILjULejFAAE,1/14/2021,-38,-23,-53,-48,-40,12
ID,Indonesia,Jakarta,,,ID-JK,,ChIJnUvjRenzaS4RILjULejFAAE,1/15/2021,-36,-22,-48,-49,-40,13
ID,Indonesia,Jakarta,,,ID-JK,,ChIJnUvjRenzaS4RILjULejFAAE,1/16/2021,-39,-21,-53,-44,-28,8
ID,Indonesia,Jakarta,,,ID-JK,,ChIJnUvjRenzaS4RILjULejFAAE,1/17/2021,-41,-24,-57,-43,-23,8
ID,Indonesia,Jakarta,,,ID-JK,,ChIJnUvjRenzaS4RILjULejFAAE,1/18/2021,-39,-24,-55,-48,-41,14
ID,Indonesia,Jakarta,,,ID-JK,,ChIJnUvjRenzaS4RILjULejFAAE,1/19/2021,-39,-23,-56,-49,-41,14
ID,Indonesia,Jakarta,,,ID-JK,,ChIJnUvjRenzaS4RILjULejFAAE,1/20/2021,-38,-23,-55,-49,-40,14
ID,Indonesia,Jakarta,,,ID-JK,,ChIJnUvjRenzaS4RILjULejFAAE,1/21/2021,-39,-24,-54,-49,-40,14
ID,Indonesia,Jakarta,,,ID-JK,,ChIJnUvjRenzaS4RILjULejFAAE,1/22/2021,-35,-20,-47,-48,-37,15
ID,Indonesia,Jakarta,,,ID-JK,,ChIJnUvjRenzaS4RILjULejFAAE,1/23/2021,-37,-17,-52,-41,-23,9
ID,Indonesia,Jakarta,,,ID-JK,,ChIJnUvjRenzaS4RILjULejFAAE,1/24/2021,-48,-33,-71,-50,-26,13
ID,Indonesia,Jakarta,,,ID-JK,,ChIJnUvjRenzaS4RILjULejFAAE,1/25/2021,-34,-16,-52,-45,-37,14
ID,Indonesia,Jakarta,,,ID-JK,,ChIJnUvjRenzaS4RILjULejFAAE,1/26/2021,-36,-18,-55,-45,-38,14
ID,Indonesia,Jakarta,,,ID-JK,,ChIJnUvjRenzaS4RILjULejFAAE,1/27/2021,-35,-18,-54,-46,-37,14
ID,Indonesia,Jakarta,,,ID-JK,,ChIJnUvjRenzaS4RILjULejFAAE,1/28/2021,-34,-15,-50,-45,-37,13
ID,Indonesia,Jakarta,,,ID-JK,,ChIJnUvjRenzaS4RILjULejFAAE,1/29/2021,-33,-14,-46,-45,-36,14
ID,Indonesia,Jakarta,,,ID-JK,,ChIJnUvjRenzaS4RILjULejFAAE,1/30/2021,-36,-12,-56,-39,-23,8
ID,Indonesia,Jakarta,,,ID-JK,,ChIJnUvjRenzaS4RILjULejFAAE,1/31/2021,-33,-8,-60,-35,-16,7
ID,Indonesia,Jakarta,,,ID-JK,,ChIJnUvjRenzaS4RILjULejFAAE,2/1/2021,-33,-12,-54,-43,-36,12
ID,Indonesia,Jakarta,,,ID-JK,,ChIJnUvjRenzaS4RILjULejFAAE,2/2/2021,-32,-7,-52,-42,-37,12
ID,Indonesia,Jakarta,,,ID-JK,,ChIJnUvjRenzaS4RILjULejFAAE,2/3/2021,-34,-15,-57,-45,-37,13
ID,Indonesia,Jakarta,,,ID-JK,,ChIJnUvjRenzaS4RILjULejFAAE,2/4/2021,-35,-17,-55,-45,-37,12
ID,Indonesia,Jakarta,,,ID-JK,,ChIJnUvjRenzaS4RILjULejFAAE,2/5/2021,-28,-6,-46,-42,-35,12
ID,Indonesia,Jakarta,,,ID-JK,,ChIJnUvjRenzaS4RILjULejFAAE,2/6/2021,-31,-6,-52,-35,-23,7
ID,Indonesia,Jakarta,,,ID-JK,,ChIJnUvjRenzaS4RILjULejFAAE,2/7/2021,-39,-20,-66,-41,-21,8
ID,Indonesia,Jakarta,,,ID-JK,,ChIJnUvjRenzaS4RILjULejFAAE,2/8/2021,-33,-14,-55,-43,-37,12
ID,Indonesia,Jakarta,,,ID-JK,,ChIJnUvjRenzaS4RILjULejFAAE,2/9/2021,-31,-9,-55,-42,-37,11
ID,Indonesia,Jakarta,,,ID-JK,,ChIJnUvjRenzaS4RILjULejFAAE,2/10/2021,-29,-8,-52,-41,-36,11
ID,Indonesia,Jakarta,,,ID-JK,,ChIJnUvjRenzaS4RILjULejFAAE,2/11/2021,-27,-6,-47,-37,-37,9
ID,Indonesia,Jakarta,,,ID-JK,,ChIJnUvjRenzaS4RILjULejFAAE,2/12/2021,-34,-17,-41,-55,-67,20
ID,Indonesia,Jakarta,,,ID-JK,,ChIJnUvjRenzaS4RILjULejFAAE,2/13/2021,-35,-15,-48,-41,-30,8
ID,Indonesia,Jakarta,,,ID-JK,,ChIJnUvjRenzaS4RILjULejFAAE,2/14/2021,-37,-18,-57,-38,-19,7
ID,Indonesia,Jakarta,,,ID-JK,,ChIJnUvjRenzaS4RILjULejFAAE,2/15/2021,-32,-12,-51,-41,-35,11
ID,Indonesia,Jakarta,,,ID-JK,,ChIJnUvjRenzaS4RILjULejFAAE,2/16/2021,-39,-21,-58,-44,-39,13
ID,Indonesia,Jakarta,,,ID-JK,,ChIJnUvjRenzaS4RILjULejFAAE,2/17/2021,-32,-12,-51,-42,-34,11
ID,Indonesia,Jakarta,,,ID-JK,,ChIJnUvjRenzaS4RILjULejFAAE,2/18/2021,-39,-23,-57,-45,-36,13
ID,Indonesia,Jakarta,,,ID-JK,,ChIJnUvjRenzaS4RILjULejFAAE,2/19/2021,-30,-10,-46,-43,-34,13
ID,Indonesia,Jakarta,,,ID-JK,,ChIJnUvjRenzaS4RILjULejFAAE,2/20/2021,-38,-14,-55,-40,-25,9
ID,Indonesia,Jakarta,,,ID-JK,,ChIJnUvjRenzaS4RILjULejFAAE,2/21/2021,-35,-12,-57,-38,-17,7
ID,Indonesia,Jakarta,,,ID-JK,,ChIJnUvjRenzaS4RILjULejFAAE,2/22/2021,-31,-12,-50,-43,-34,11
ID,Indonesia,Jakarta,,,ID-JK,,ChIJnUvjRenzaS4RILjULejFAAE,2/23/2021,-34,-15,-54,-43,-35,11
ID,Indonesia,Jakarta,,,ID-JK,,ChIJnUvjRenzaS4RILjULejFAAE,2/24/2021,-34,-18,-53,-44,-34,12
ID,Indonesia,Jakarta,,,ID-JK,,ChIJnUvjRenzaS4RILjULejFAAE,2/25/2021,-29,-7,-49,-41,-33,10
ID,Indonesia,Jakarta,,,ID-JK,,ChIJnUvjRenzaS4RILjULejFAAE,2/26/2021,-24,-2,-41,-39,-32,11
ID,Indonesia,Jakarta,,,ID-JK,,ChIJnUvjRenzaS4RILjULejFAAE,2/27/2021,-24,4,-42,-30,-19,5
ID,Indonesia,Jakarta,,,ID-JK,,ChIJnUvjRenzaS4RILjULejFAAE,2/28/2021,-28,-3,-49,-31,-13,5
ID,Indonesia,Jakarta,,,ID-JK,,ChIJnUvjRenzaS4RILjULejFAAE,3/1/2021,-29,-5,-51,-40,-33,10
ID,Indonesia,Jakarta,,,ID-JK,,ChIJnUvjRenzaS4RILjULejFAAE,3/2/2021,-29,-5,-52,-40,-34,10
ID,Indonesia,Jakarta,,,ID-JK,,ChIJnUvjRenzaS4RILjULejFAAE,3/3/2021,-27,-5,-49,-39,-33,10
ID,Indonesia,Jakarta,,,ID-JK,,ChIJnUvjRenzaS4RILjULejFAAE,3/4/2021,-29,-10,-50,-40,-33,10
ID,Indonesia,Jakarta,,,ID-JK,,ChIJnUvjRenzaS4RILjULejFAAE,3/5/2021,-26,-6,-45,-39,-32,11
ID,Indonesia,Jakarta,,,ID-JK,,ChIJnUvjRenzaS4RILjULejFAAE,3/6/2021,-26,-2,-45,-29,-20,5
ID,Indonesia,Jakarta,,,ID-JK,,ChIJnUvjRenzaS4RILjULejFAAE,3/7/2021,-31,-9,-52,-31,-16,6
ID,Indonesia,Jakarta,,,ID-JK,,ChIJnUvjRenzaS4RILjULejFAAE,3/8/2021,-28,-7,-48,-39,-33,10
ID,Indonesia,Jakarta,,,ID-JK,,ChIJnUvjRenzaS4RILjULejFAAE,3/9/2021,-29,-9,-49,-38,-34,10
ID,Indonesia,Jakarta,,,ID-JK,,ChIJnUvjRenzaS4RILjULejFAAE,3/10/2021,-25,-5,-46,-34,-32,9
ID,Indonesia,Jakarta,,,ID-JK,,ChIJnUvjRenzaS4RILjULejFAAE,3/11/2021,-28,-11,-41,-51,-66,18
ID,Indonesia,Jakarta,,,ID-JK,,ChIJnUvjRenzaS4RILjULejFAAE,3/12/2021,-26,-6,-39,-40,-34,11
ID,Indonesia,Jakarta,,,ID-JK,,ChIJnUvjRenzaS4RILjULejFAAE,3/13/2021,-28,-4,-40,-32,-20,6
ID,Indonesia,Jakarta,,,ID-JK,,ChIJnUvjRenzaS4RILjULejFAAE,3/14/2021,-31,-9,-44,-30,-16,5
ID,Indonesia,Jakarta,,,ID-JK,,ChIJnUvjRenzaS4RILjULejFAAE,3/15/2021,-27,-6,-43,-37,-32,10
ID,Indonesia,Jakarta,,,ID-JK,,ChIJnUvjRenzaS4RILjULejFAAE,3/16/2021,-29,-9,-47,-38,-33,10
ID,Indonesia,Jakarta,,,ID-JK,,ChIJnUvjRenzaS4RILjULejFAAE,3/17/2021,-28,-8,-43,-38,-31,10
ID,Indonesia,Jakarta,,,ID-JK,,ChIJnUvjRenzaS4RILjULejFAAE,3/18/2021,-27,-8,-42,-38,-31,10
ID,Indonesia,Jakarta,,,ID-JK,,ChIJnUvjRenzaS4RILjULejFAAE,3/19/2021,-24,-5,-37,-36,-30,11
ID,Indonesia,Jakarta,,,ID-JK,,ChIJnUvjRenzaS4RILjULejFAAE,3/20/2021,-27,-4,-42,-30,-17,6
ID,Indonesia,Jakarta,,,ID-JK,,ChIJnUvjRenzaS4RILjULejFAAE,3/21/2021,-29,-7,-46,-31,-13,5
ID,Indonesia,Jakarta,,,ID-JK,,ChIJnUvjRenzaS4RILjULejFAAE,3/22/2021,-28,-7,-45,-38,-31,10
ID,Indonesia,Jakarta,,,ID-JK,,ChIJnUvjRenzaS4RILjULejFAAE,3/23/2021,-29,-8,-45,-38,-32,10
ID,Indonesia,Jakarta,,,ID-JK,,ChIJnUvjRenzaS4RILjULejFAAE,3/24/2021,-28,-9,-42,-38,-31,10
ID,Indonesia,Jakarta,,,ID-JK,,ChIJnUvjRenzaS4RILjULejFAAE,3/25/2021,-25,-4,-41,-37,-31,10
ID,Indonesia,Jakarta,,,ID-JK,,ChIJnUvjRenzaS4RILjULejFAAE,3/26/2021,-21,0,-34,-35,-29,10
ID,Indonesia,Jakarta,,,ID-JK,,ChIJnUvjRenzaS4RILjULejFAAE,3/27/2021,-27,-5,-43,-29,-18,5
ID,Indonesia,Jakarta,,,ID-JK,,ChIJnUvjRenzaS4RILjULejFAAE,3/28/2021,-26,-3,-44,-28,-12,5
ID,Indonesia,Jakarta,,,ID-JK,,ChIJnUvjRenzaS4RILjULejFAAE,3/29/2021,-25,-2,-42,-36,-31,9
ID,Indonesia,Jakarta,,,ID-JK,,ChIJnUvjRenzaS4RILjULejFAAE,3/30/2021,-26,-5,-45,-36,-32,9
ID,Indonesia,Jakarta,,,ID-JK,,ChIJnUvjRenzaS4RILjULejFAAE,3/31/2021,-25,-4,-43,-32,-31,9
ID,Indonesia,Jakarta,,,ID-JK,,ChIJnUvjRenzaS4RILjULejFAAE,4/1/2021,-19,9,-34,-27,-30,7
ID,Indonesia,Jakarta,,,ID-JK,,ChIJnUvjRenzaS4RILjULejFAAE,4/2/2021,-20,3,-24,-44,-63,15
ID,Indonesia,Jakarta,,,ID-JK,,ChIJnUvjRenzaS4RILjULejFAAE,4/3/2021,-27,-3,-41,-31,-24,5
ID,Indonesia,Jakarta,,,ID-JK,,ChIJnUvjRenzaS4RILjULejFAAE,4/4/2021,-25,-1,-42,-22,-13,2
ID,Indonesia,Jakarta,,,ID-JK,,ChIJnUvjRenzaS4RILjULejFAAE,4/5/2021,-22,3,-40,-32,-30,8
ID,Indonesia,Jakarta,,,ID-JK,,ChIJnUvjRenzaS4RILjULejFAAE,4/6/2021,-23,1,-42,-32,-31,8
ID,Indonesia,Jakarta,,,ID-JK,,ChIJnUvjRenzaS4RILjULejFAAE,4/7/2021,-23,-2,-43,-32,-31,9
ID,Indonesia,Jakarta,,,ID-JK,,ChIJnUvjRenzaS4RILjULejFAAE,4/8/2021,-21,1,-37,-31,-30,8
ID,Indonesia,Jakarta,,,ID-JK,,ChIJnUvjRenzaS4RILjULejFAAE,4/9/2021,-16,3,-32,-31,-28,8
ID,Indonesia,Jakarta,,,ID-JK,,ChIJnUvjRenzaS4RILjULejFAAE,4/10/2021,-19,6,-33,-20,-16,3
ID,Indonesia,Jakarta,,,ID-JK,,ChIJnUvjRenzaS4RILjULejFAAE,4/11/2021,-21,4,-41,-18,-11,2
ID,Indonesia,Jakarta,,,ID-JK,,ChIJnUvjRenzaS4RILjULejFAAE,4/12/2021,-21,3,-39,-29,-31,8
ID,Indonesia,Jakarta,,,ID-JK,,ChIJnUvjRenzaS4RILjULejFAAE,4/13/2021,-38,-11,-56,-44,-37,15
ID,Indonesia,Jakarta,,,ID-JK,,ChIJnUvjRenzaS4RILjULejFAAE,4/14/2021,-35,-15,-54,-41,-33,13
ID,Indonesia,Jakarta,,,ID-JK,,ChIJnUvjRenzaS4RILjULejFAAE,4/15/2021,-34,-14,-51,-40,-32,13
ID,Indonesia,Jakarta,,,ID-JK,,ChIJnUvjRenzaS4RILjULejFAAE,4/16/2021,-26,-3,-40,-38,-29,13
ID,Indonesia,Jakarta,,,ID-JK,,ChIJnUvjRenzaS4RILjULejFAAE,4/17/2021,-31,-7,-50,-35,-17,9
ID,Indonesia,Jakarta,,,ID-JK,,ChIJnUvjRenzaS4RILjULejFAAE,4/18/2021,-31,-8,-58,-35,-11,9
ID,Indonesia,Jakarta,,,ID-JK,,ChIJnUvjRenzaS4RILjULejFAAE,4/19/2021,-28,-7,-46,-37,-29,12
ID,Indonesia,Jakarta,,,ID-JK,,ChIJnUvjRenzaS4RILjULejFAAE,4/20/2021,-28,-5,-46,-37,-30,12
ID,Indonesia,Jakarta,,,ID-JK,,ChIJnUvjRenzaS4RILjULejFAAE,4/21/2021,-26,-6,-46,-37,-30,12
ID,Indonesia,Jakarta,,,ID-JK,,ChIJnUvjRenzaS4RILjULejFAAE,4/22/2021,-26,-7,-44,-38,-29,11
ID,Indonesia,Jakarta,,,ID-JK,,ChIJnUvjRenzaS4RILjULejFAAE,4/23/2021,-23,-4,-39,-36,-28,12
ID,Indonesia,Jakarta,,,ID-JK,,ChIJnUvjRenzaS4RILjULejFAAE,4/24/2021,-24,0,-44,-29,-14,7
ID,Indonesia,Jakarta,,,ID-JK,,ChIJnUvjRenzaS4RILjULejFAAE,4/25/2021,-25,-3,-56,-29,-8,8
ID,Indonesia,Jakarta,,,ID-JK,,ChIJnUvjRenzaS4RILjULejFAAE,4/26/2021,-23,-2,-41,-35,-28,11
ID,Indonesia,Jakarta,,,ID-JK,,ChIJnUvjRenzaS4RILjULejFAAE,4/27/2021,-25,-3,-46,-36,-29,11
ID,Indonesia,Jakarta,,,ID-JK,,ChIJnUvjRenzaS4RILjULejFAAE,4/28/2021,-25,-6,-48,-35,-30,11
ID,Indonesia,Jakarta,,,ID-JK,,ChIJnUvjRenzaS4RILjULejFAAE,4/29/2021,-20,3,-42,-33,-29,10
ID,Indonesia,Jakarta,,,ID-JK,,ChIJnUvjRenzaS4RILjULejFAAE,4/30/2021,-13,13,-33,-29,-26,10
ID,Indonesia,Jakarta,,,ID-JK,,ChIJnUvjRenzaS4RILjULejFAAE,5/1/2021,-15,14,-39,-22,-33,7
ID,Indonesia,Jakarta,,,ID-JK,,ChIJnUvjRenzaS4RILjULejFAAE,5/2/2021,-16,11,-53,-20,-8,5
ID,Indonesia,Jakarta,,,ID-JK,,ChIJnUvjRenzaS4RILjULejFAAE,5/3/2021,-15,13,-39,-29,-29,8
ID,Indonesia,Jakarta,,,ID-JK,,ChIJnUvjRenzaS4RILjULejFAAE,5/4/2021,-17,10,-41,-28,-31,9
ID,Indonesia,Jakarta,,,ID-JK,,ChIJnUvjRenzaS4RILjULejFAAE,5/5/2021,-19,5,-43,-30,-32,9
ID,Indonesia,Jakarta,,,ID-JK,,ChIJnUvjRenzaS4RILjULejFAAE,5/6/2021,-20,4,-43,-36,-32,10
ID,Indonesia,Jakarta,,,ID-JK,,ChIJnUvjRenzaS4RILjULejFAAE,5/7/2021,-13,12,-36,-36,-30,10
ID,Indonesia,Jakarta,,,ID-JK,,ChIJnUvjRenzaS4RILjULejFAAE,5/8/2021,-17,12,-46,-29,-20,6
ID,Indonesia,Jakarta,,,ID-JK,,ChIJnUvjRenzaS4RILjULejFAAE,5/9/2021,-16,11,-56,-28,-10,7
ID,Indonesia,Jakarta,,,ID-JK,,ChIJnUvjRenzaS4RILjULejFAAE,5/10/2021,-12,17,-37,-36,-38,10
ID,Indonesia,Jakarta,,,ID-JK,,ChIJnUvjRenzaS4RILjULejFAAE,5/11/2021,-14,20,-38,-35,-43,10
ID,Indonesia,Jakarta,,,ID-JK,,ChIJnUvjRenzaS4RILjULejFAAE,5/12/2021,-21,19,-35,-46,-67,17
ID,Indonesia,Jakarta,,,ID-JK,,ChIJnUvjRenzaS4RILjULejFAAE,5/13/2021,-34,-13,-28,-56,-75,12
ID,Indonesia,Jakarta,,,ID-JK,,ChIJnUvjRenzaS4RILjULejFAAE,5/14/2021,-28,-8,-25,-54,-76,16
ID,Indonesia,Jakarta,,,ID-JK,,ChIJnUvjRenzaS4RILjULejFAAE,5/15/2021,-27,-5,-40,-37,-49,6
ID,Indonesia,Jakarta,,,ID-JK,,ChIJnUvjRenzaS4RILjULejFAAE,5/16/2021,-26,-4,-53,-33,-20,4
ID,Indonesia,Jakarta,,,ID-JK,,ChIJnUvjRenzaS4RILjULejFAAE,5/17/2021,-21,3,-45,-40,-40,10
ID,Indonesia,Jakarta,,,ID-JK,,ChIJnUvjRenzaS4RILjULejFAAE,5/18/2021,-22,1,-44,-34,-39,10
ID,Indonesia,Jakarta,,,ID-JK,,ChIJnUvjRenzaS4RILjULejFAAE,5/19/2021,-21,2,-43,-33,-35,9
ID,Indonesia,Jakarta,,,ID-JK,,ChIJnUvjRenzaS4RILjULejFAAE,5/20/2021,-21,3,-40,-37,-32,9
ID,Indonesia,Jakarta,,,ID-JK,,ChIJnUvjRenzaS4RILjULejFAAE,5/21/2021,-20,0,-39,-35,-30,11
ID,Indonesia,Jakarta,,,ID-JK,,ChIJnUvjRenzaS4RILjULejFAAE,5/22/2021,-23,2,-45,-27,-19,6
ID,Indonesia,Jakarta,,,ID-JK,,ChIJnUvjRenzaS4RILjULejFAAE,5/23/2021,-24,0,-50,-26,-10,6
ID,Indonesia,Jakarta,,,ID-JK,,ChIJnUvjRenzaS4RILjULejFAAE,5/24/2021,-23,-2,-45,-33,-29,10
ID,Indonesia,Jakarta,,,ID-JK,,ChIJnUvjRenzaS4RILjULejFAAE,5/25/2021,-17,9,-41,-29,-30,8
ID,Indonesia,Jakarta,,,ID-JK,,ChIJnUvjRenzaS4RILjULejFAAE,5/26/2021,-16,4,-31,-42,-65,16
ID,Indonesia,Jakarta,,,ID-JK,,ChIJnUvjRenzaS4RILjULejFAAE,5/27/2021,-19,4,-39,-32,-29,9
ID,Indonesia,Jakarta,,,ID-JK,,ChIJnUvjRenzaS4RILjULejFAAE,5/28/2021,-14,10,-33,-31,-27,10
ID,Indonesia,Jakarta,,,ID-JK,,ChIJnUvjRenzaS4RILjULejFAAE,5/29/2021,-24,0,-48,-28,-17,6
ID,Indonesia,Jakarta,,,ID-JK,,ChIJnUvjRenzaS4RILjULejFAAE,5/30/2021,-19,6,-46,-24,-10,4
ID,Indonesia,Jakarta,,,ID-JK,,ChIJnUvjRenzaS4RILjULejFAAE,5/31/2021,-14,10,-35,-29,-30,9
ID,Indonesia,Jakarta,,,ID-JK,,ChIJnUvjRenzaS4RILjULejFAAE,6/1/2021,-15,7,-30,-41,-67,17
ID,Indonesia,Jakarta,,,ID-JK,,ChIJnUvjRenzaS4RILjULejFAAE,6/2/2021,-17,8,-40,-28,-29,9
ID,Indonesia,Jakarta,,,ID-JK,,ChIJnUvjRenzaS4RILjULejFAAE,6/3/2021,-15,10,-38,-30,-28,9
ID,Indonesia,Jakarta,,,ID-JK,,ChIJnUvjRenzaS4RILjULejFAAE,6/4/2021,-13,10,-34,-30,-26,10
ID,Indonesia,Jakarta,,,ID-JK,,ChIJnUvjRenzaS4RILjULejFAAE,6/5/2021,-15,13,-36,-21,-16,5
ID,Indonesia,Jakarta,,,ID-JK,,ChIJnUvjRenzaS4RILjULejFAAE,6/6/2021,-19,5,-45,-22,-11,5
ID,Indonesia,Jakarta,,,ID-JK,,ChIJnUvjRenzaS4RILjULejFAAE,6/7/2021,-15,10,-38,-30,-28,9
ID,Indonesia,Jakarta,,,ID-JK,,ChIJnUvjRenzaS4RILjULejFAAE,6/8/2021,-18,6,-41,-31,-29,10
ID,Indonesia,Jakarta,,,ID-JK,,ChIJnUvjRenzaS4RILjULejFAAE,6/9/2021,-16,6,-39,-30,-29,10
ID,Indonesia,Jakarta,,,ID-JK,,ChIJnUvjRenzaS4RILjULejFAAE,6/10/2021,-16,7,-37,-30,-28,10
ID,Indonesia,Jakarta,,,ID-JK,,ChIJnUvjRenzaS4RILjULejFAAE,6/11/2021,-14,7,-33,-30,-27,11
ID,Indonesia,Jakarta,,,ID-JK,,ChIJnUvjRenzaS4RILjULejFAAE,6/12/2021,-16,11,-36,-22,-15,5
ID,Indonesia,Jakarta,,,ID-JK,,ChIJnUvjRenzaS4RILjULejFAAE,6/13/2021,-19,5,-42,-23,-11,6
ID,Indonesia,Jakarta,,,ID-JK,,ChIJnUvjRenzaS4RILjULejFAAE,6/14/2021,-17,7,-36,-30,-29,10
ID,Indonesia,Jakarta,,,ID-JK,,ChIJnUvjRenzaS4RILjULejFAAE,6/15/2021,-22,1,-43,-32,-30,11
ID,Indonesia,Jakarta,,,ID-JK,,ChIJnUvjRenzaS4RILjULejFAAE,6/16/2021,-20,3,-42,-32,-31,11
ID,Indonesia,Jakarta,,,ID-JK,,ChIJnUvjRenzaS4RILjULejFAAE,6/17/2021,-21,1,-42,-35,-31,11
ID,Indonesia,Jakarta,,,ID-JK,,ChIJnUvjRenzaS4RILjULejFAAE,6/18/2021,-21,1,-40,-36,-30,13
ID,Indonesia,Jakarta,,,ID-JK,,ChIJnUvjRenzaS4RILjULejFAAE,6/19/2021,-27,2,-49,-32,-19,9
ID,Indonesia,Jakarta,,,ID-JK,,ChIJnUvjRenzaS4RILjULejFAAE,6/20/2021,-32,-7,-56,-35,-15,10
ID,Indonesia,Jakarta,,,ID-JK,,ChIJnUvjRenzaS4RILjULejFAAE,6/21/2021,-25,2,-46,-38,-34,13
ID,Indonesia,Jakarta,,,ID-JK,,ChIJnUvjRenzaS4RILjULejFAAE,6/22/2021,-26,3,-46,-40,-36,13
ID,Indonesia,Jakarta,,,ID-JK,,ChIJnUvjRenzaS4RILjULejFAAE,6/23/2021,-28,0,-47,-42,-36,14
ID,Indonesia,Jakarta,,,ID-JK,,ChIJnUvjRenzaS4RILjULejFAAE,6/24/2021,-28,0,-48,-43,-37,15
ID,Indonesia,Jakarta,,,ID-JK,,ChIJnUvjRenzaS4RILjULejFAAE,6/25/2021,-25,7,-45,-44,-37,16
ID,Indonesia,Jakarta,,,ID-JK,,ChIJnUvjRenzaS4RILjULejFAAE,6/26/2021,-32,5,-55,-39,-23,11
ID,Indonesia,Jakarta,,,ID-JK,,ChIJnUvjRenzaS4RILjULejFAAE,6/27/2021,-38,-5,-64,-42,-19,12
ID,Indonesia,Jakarta,,,ID-JK,,ChIJnUvjRenzaS4RILjULejFAAE,6/28/2021,-27,8,-49,-44,-40,16
ID,Indonesia,Jakarta,,,ID-JK,,ChIJnUvjRenzaS4RILjULejFAAE,6/29/2021,-32,2,-54,-47,-43,16
ID,Indonesia,Jakarta,,,ID-JK,,ChIJnUvjRenzaS4RILjULejFAAE,6/30/2021,-31,4,-54,-48,-43,15
ID,Indonesia,Jakarta,,,ID-JK,,ChIJnUvjRenzaS4RILjULejFAAE,7/1/2021,-30,8,-51,-47,-43,17
ID,Indonesia,Jakarta,,,ID-JK,,ChIJnUvjRenzaS4RILjULejFAAE,7/2/2021,-26,12,-47,-47,-41,18
ID,Indonesia,Jakarta,,,ID-JK,,ChIJnUvjRenzaS4RILjULejFAAE,7/3/2021,-45,0,-63,-50,-34,16
ID,Indonesia,Jakarta,,,ID-JK,,ChIJnUvjRenzaS4RILjULejFAAE,7/4/2021,-49,-7,-70,-52,-29,16
ID,Indonesia,Jakarta,,,ID-JK,,ChIJnUvjRenzaS4RILjULejFAAE,7/5/2021,-40,0,-56,-54,-50,20
ID,Indonesia,Jakarta,,,ID-JK,,ChIJnUvjRenzaS4RILjULejFAAE,7/6/2021,-43,-4,-58,-55,-51,21
ID,Indonesia,Jakarta,,,ID-JK,,ChIJnUvjRenzaS4RILjULejFAAE,7/7/2021,-43,-5,-58,-56,-51,21
ID,Indonesia,Jakarta,,,ID-JK,,ChIJnUvjRenzaS4RILjULejFAAE,7/8/2021,-43,-6,-56,-57,-51,21
ID,Indonesia,Jakarta,,,ID-JK,,ChIJnUvjRenzaS4RILjULejFAAE,7/9/2021,-43,-5,-54,-58,-50,23
ID,Indonesia,Jakarta,,,ID-JK,,ChIJnUvjRenzaS4RILjULejFAAE,7/10/2021,-49,-7,-65,-54,-36,17
ID,Indonesia,Jakarta,,,ID-JK,,ChIJnUvjRenzaS4RILjULejFAAE,7/11/2021,-51,-14,-72,-55,-29,17
ID,Indonesia,Jakarta,,,ID-JK,,ChIJnUvjRenzaS4RILjULejFAAE,7/12/2021,-43,-8,-56,-60,-51,21
ID,Indonesia,Jakarta,,,ID-JK,,ChIJnUvjRenzaS4RILjULejFAAE,7/13/2021,-46,-12,-59,-60,-53,22
ID,Indonesia,Jakarta,,,ID-JK,,ChIJnUvjRenzaS4RILjULejFAAE,7/14/2021,-45,-12,-59,-60,-51,22
ID,Indonesia,Jakarta,,,ID-JK,,ChIJnUvjRenzaS4RILjULejFAAE,7/15/2021,-44,-10,-57,-60,-51,21
ID,Indonesia,Jakarta,,,ID-JK,,ChIJnUvjRenzaS4RILjULejFAAE,7/16/2021,-43,-9,-55,-60,-49,23
ID,Indonesia,Jakarta,,,ID-JK,,ChIJnUvjRenzaS4RILjULejFAAE,7/17/2021,-48,-8,-64,-55,-34,16
ID,Indonesia,Jakarta,,,ID-JK,,ChIJnUvjRenzaS4RILjULejFAAE,7/18/2021,-50,-14,-71,-57,-26,16
ID,Indonesia,Jakarta,,,ID-JK,,ChIJnUvjRenzaS4RILjULejFAAE,7/19/2021,-40,-2,-53,-57,-52,20
ID,Indonesia,Jakarta,,,ID-JK,,ChIJnUvjRenzaS4RILjULejFAAE,7/20/2021,-55,-24,-65,-72,-79,28
ID,Indonesia,Jakarta,,,ID-JK,,ChIJnUvjRenzaS4RILjULejFAAE,7/21/2021,-44,-9,-59,-58,-49,19
ID,Indonesia,Jakarta,,,ID-JK,,ChIJnUvjRenzaS4RILjULejFAAE,7/22/2021,-43,-10,-56,-59,-48,19
ID,Indonesia,Jakarta,,,ID-JK,,ChIJnUvjRenzaS4RILjULejFAAE,7/23/2021,-43,-10,-56,-59,-47,22
ID,Indonesia,Jakarta,,,ID-JK,,ChIJnUvjRenzaS4RILjULejFAAE,7/24/2021,-47,-9,-63,-54,-32,15
ID,Indonesia,Jakarta,,,ID-JK,,ChIJnUvjRenzaS4RILjULejFAAE,7/25/2021,-46,-9,-69,-54,-23,14
ID,Indonesia,Jakarta,,,ID-JK,,ChIJnUvjRenzaS4RILjULejFAAE,7/26/2021,-38,-5,-54,-55,-44,18
ID,Indonesia,Jakarta,,,ID-JK,,ChIJnUvjRenzaS4RILjULejFAAE,7/27/2021,-40,-7,-56,-56,-46,19
ID,Indonesia,Jakarta,,,ID-JK,,ChIJnUvjRenzaS4RILjULejFAAE,7/28/2021,-38,-6,-55,-55,-44,18
ID,Indonesia,Jakarta,,,ID-JK,,ChIJnUvjRenzaS4RILjULejFAAE,7/29/2021,-37,-5,-53,-55,-43,18
ID,Indonesia,Jakarta,,,ID-JK,,ChIJnUvjRenzaS4RILjULejFAAE,7/30/2021,-35,0,-49,-54,-42,19
ID,Indonesia,Jakarta,,,ID-JK,,ChIJnUvjRenzaS4RILjULejFAAE,7/31/2021,-39,1,-59,-49,-26,12
ID,Indonesia,Jakarta,,,ID-JK,,ChIJnUvjRenzaS4RILjULejFAAE,8/1/2021,-42,-5,-67,-51,-22,12
ID,Indonesia,Jakarta,,,ID-JK,,ChIJnUvjRenzaS4RILjULejFAAE,8/2/2021,-32,2,-51,-51,-41,16
ID,Indonesia,Jakarta,,,ID-JK,,ChIJnUvjRenzaS4RILjULejFAAE,8/3/2021,-34,-1,-53,-51,-42,16
ID,Indonesia,Jakarta,,,ID-JK,,ChIJnUvjRenzaS4RILjULejFAAE,8/4/2021,-34,-2,-52,-51,-41,16
ID,Indonesia,Jakarta,,,ID-JK,,ChIJnUvjRenzaS4RILjULejFAAE,8/5/2021,-37,-6,-55,-51,-41,17
ID,Indonesia,Jakarta,,,ID-JK,,ChIJnUvjRenzaS4RILjULejFAAE,8/6/2021,-31,2,-45,-51,-39,17
ID,Indonesia,Jakarta,,,ID-JK,,ChIJnUvjRenzaS4RILjULejFAAE,8/7/2021,-36,2,-56,-46,-25,11
ID,Indonesia,Jakarta,,,ID-JK,,ChIJnUvjRenzaS4RILjULejFAAE,8/8/2021,-39,-5,-63,-49,-19,10
ID,Indonesia,Jakarta,,,ID-JK,,ChIJnUvjRenzaS4RILjULejFAAE,8/9/2021,-32,-2,-50,-50,-40,15
ID,Indonesia,Jakarta,,,ID-JK,,ChIJnUvjRenzaS4RILjULejFAAE,8/10/2021,-35,-6,-55,-51,-42,16
ID,Indonesia,Jakarta,,,ID-JK,,ChIJnUvjRenzaS4RILjULejFAAE,8/11/2021,-34,-5,-51,-60,-67,22
ID,Indonesia,Jakarta,,,ID-JK,,ChIJnUvjRenzaS4RILjULejFAAE,8/12/2021,-30,-3,-50,-48,-37,14
ID,Indonesia,Jakarta,,,ID-JK,,ChIJnUvjRenzaS4RILjULejFAAE,8/13/2021,-29,-1,-45,-48,-36,16
ID,Indonesia,Jakarta,,,ID-JK,,ChIJnUvjRenzaS4RILjULejFAAE,8/14/2021,-33,0,-54,-43,-20,10
ID,Indonesia,Jakarta,,,ID-JK,,ChIJnUvjRenzaS4RILjULejFAAE,8/15/2021,-36,-6,-60,-46,-16,10
ID,Indonesia,Jakarta,,,ID-JK,,ChIJnUvjRenzaS4RILjULejFAAE,8/16/2021,-27,0,-47,-47,-39,14
ID,Indonesia,Jakarta,,,ID-JK,,ChIJnUvjRenzaS4RILjULejFAAE,8/17/2021,-37,-13,-48,-61,-73,22
ID,Indonesia,Jakarta,,,ID-JK,,ChIJnUvjRenzaS4RILjULejFAAE,8/18/2021,-32,-6,-51,-47,-36,14
ID,Indonesia,Jakarta,,,ID-JK,,ChIJnUvjRenzaS4RILjULejFAAE,8/19/2021,-31,-6,-49,-49,-36,14
ID,Indonesia,Jakarta,,,ID-JK,,ChIJnUvjRenzaS4RILjULejFAAE,8/20/2021,-28,-2,-44,-48,-34,15
ID,Indonesia,Jakarta,,,ID-JK,,ChIJnUvjRenzaS4RILjULejFAAE,8/21/2021,-31,-1,-52,-43,-19,10
ID,Indonesia,Jakarta,,,ID-JK,,ChIJnUvjRenzaS4RILjULejFAAE,8/22/2021,-34,-7,-57,-45,-14,9
ID,Indonesia,Jakarta,,,ID-JK,,ChIJnUvjRenzaS4RILjULejFAAE,8/23/2021,-28,-4,-47,-47,-35,14
ID,Indonesia,Jakarta,,,ID-JK,,ChIJnUvjRenzaS4RILjULejFAAE,8/24/2021,-30,-6,-50,-47,-37,14
ID,Indonesia,Jakarta,,,ID-JK,,ChIJnUvjRenzaS4RILjULejFAAE,8/25/2021,-26,0,-48,-45,-35,13
ID,Indonesia,Jakarta,,,ID-JK,,ChIJnUvjRenzaS4RILjULejFAAE,8/26/2021,-25,0,-45,-45,-35,13
ID,Indonesia,Jakarta,,,ID-JK,,ChIJnUvjRenzaS4RILjULejFAAE,8/27/2021,-22,3,-41,-45,-33,14
ID,Indonesia,Jakarta,,,ID-JK,,ChIJnUvjRenzaS4RILjULejFAAE,8/28/2021,-25,6,-46,-39,-18,7
ID,Indonesia,Jakarta,,,ID-JK,,ChIJnUvjRenzaS4RILjULejFAAE,8/29/2021,-29,-2,-54,-42,-14,7
ID,Indonesia,Jakarta,,,ID-JK,,ChIJnUvjRenzaS4RILjULejFAAE,8/30/2021,-23,2,-45,-43,-34,12
ID,Indonesia,Jakarta,,,ID-JK,,ChIJnUvjRenzaS4RILjULejFAAE,8/31/2021,-24,5,-47,-43,-35,12
ID,Indonesia,Jakarta,,,ID-JK,,ChIJnUvjRenzaS4RILjULejFAAE,9/1/2021,-21,8,-45,-41,-34,12
ID,Indonesia,Jakarta,,,ID-JK,,ChIJnUvjRenzaS4RILjULejFAAE,9/2/2021,-20,7,-43,-42,-34,12
ID,Indonesia,Jakarta,,,ID-JK,,ChIJnUvjRenzaS4RILjULejFAAE,9/3/2021,-18,8,-37,-41,-32,13
ID,Indonesia,Jakarta,,,ID-JK,,ChIJnUvjRenzaS4RILjULejFAAE,9/4/2021,-21,9,-39,-35,-19,6
ID,Indonesia,Jakarta,,,ID-JK,,ChIJnUvjRenzaS4RILjULejFAAE,9/5/2021,-24,3,-46,-38,-14,6
ID,Indonesia,Jakarta,,,ID-JK,,ChIJnUvjRenzaS4RILjULejFAAE,9/6/2021,-21,4,-42,-41,-34,12
ID,Indonesia,Jakarta,,,ID-JK,,ChIJnUvjRenzaS4RILjULejFAAE,9/7/2021,-24,-1,-46,-40,-35,13
ID,Indonesia,Jakarta,,,ID-JK,,ChIJnUvjRenzaS4RILjULejFAAE,9/8/2021,-24,-3,-46,-40,-34,12
ID,Indonesia,Jakarta,,,ID-JK,,ChIJnUvjRenzaS4RILjULejFAAE,9/9/2021,-20,4,-41,-39,-33,11
ID,Indonesia,Jakarta,,,ID-JK,,ChIJnUvjRenzaS4RILjULejFAAE,9/10/2021,-17,6,-36,-39,-31,12
ID,Indonesia,Jakarta,,,ID-JK,,ChIJnUvjRenzaS4RILjULejFAAE,9/11/2021,-21,6,-40,-33,-18,6
ID,Indonesia,Jakarta,,,ID-JK,,ChIJnUvjRenzaS4RILjULejFAAE,9/12/2021,-25,0,-46,-36,-13,6
ID,Indonesia,Jakarta,,,ID-JK,,ChIJnUvjRenzaS4RILjULejFAAE,9/13/2021,-21,1,-45,-39,-34,12
ID,Indonesia,Jakarta,,,ID-JK,,ChIJnUvjRenzaS4RILjULejFAAE,9/14/2021,-28,-8,-55,-44,-38,15
ID,Indonesia,Jakarta,,,ID-JK,,ChIJnUvjRenzaS4RILjULejFAAE,9/15/2021,-20,3,-43,-38,-34,11
ID,Indonesia,Jakarta,,,ID-JK,,ChIJnUvjRenzaS4RILjULejFAAE,9/16/2021,-20,3,-41,-39,-34,11
ID,Indonesia,Jakarta,,,ID-JK,,ChIJnUvjRenzaS4RILjULejFAAE,9/17/2021,-16,5,-35,-38,-32,12
ID,Indonesia,Jakarta,,,ID-JK,,ChIJnUvjRenzaS4RILjULejFAAE,9/18/2021,-20,6,-37,-32,-18,6
ID,Indonesia,Jakarta,,,ID-JK,,ChIJnUvjRenzaS4RILjULejFAAE,9/19/2021,-28,-5,-50,-36,-15,7
ID,Indonesia,Jakarta,,,ID-JK,,ChIJnUvjRenzaS4RILjULejFAAE,9/20/2021,-20,4,-42,-38,-33,11
ID,Indonesia,Jakarta,,,ID-JK,,ChIJnUvjRenzaS4RILjULejFAAE,9/21/2021,-22,-1,-44,-38,-34,12
ID,Indonesia,Jakarta,,,ID-JK,,ChIJnUvjRenzaS4RILjULejFAAE,9/22/2021,-20,-1,-42,-39,-31,11
ID,Indonesia,Jakarta,,,ID-JK,,ChIJnUvjRenzaS4RILjULejFAAE,9/23/2021,-19,1,-39,-38,-31,11
ID,Indonesia,Jakarta,,,ID-JK,,ChIJnUvjRenzaS4RILjULejFAAE,9/24/2021,-15,6,-33,-37,-29,11
ID,Indonesia,Jakarta,,,ID-JK,,ChIJnUvjRenzaS4RILjULejFAAE,9/25/2021,-16,9,-36,-29,-16,5
ID,Indonesia,Jakarta,,,ID-JK,,ChIJnUvjRenzaS4RILjULejFAAE,9/26/2021,-20,1,-43,-32,-12,6
ID,Indonesia,Jakarta,,,ID-JK,,ChIJnUvjRenzaS4RILjULejFAAE,9/27/2021,-18,4,-41,-37,-31,11
ID,Indonesia,Jakarta,,,ID-JK,,ChIJnUvjRenzaS4RILjULejFAAE,9/28/2021,-18,5,-42,-37,-32,11
ID,Indonesia,Jakarta,,,ID-JK,,ChIJnUvjRenzaS4RILjULejFAAE,9/29/2021,-17,5,-40,-36,-31,10
ID,Indonesia,Jakarta,,,ID-JK,,ChIJnUvjRenzaS4RILjULejFAAE,9/30/2021,-15,10,-38,-34,-29,10
ID,Indonesia,Jakarta,,,ID-JK,,ChIJnUvjRenzaS4RILjULejFAAE,10/1/2021,-9,16,-29,-33,-28,10
ID,Indonesia,Jakarta,,,ID-JK,,ChIJnUvjRenzaS4RILjULejFAAE,10/2/2021,-11,17,-32,-24,-17,4
ID,Indonesia,Jakarta,,,ID-JK,,ChIJnUvjRenzaS4RILjULejFAAE,10/3/2021,-13,11,-39,-25,-13,4
ID,Indonesia,Jakarta,,,ID-JK,,ChIJnUvjRenzaS4RILjULejFAAE,10/4/2021,-17,5,-39,-34,-30,10
ID,Indonesia,Jakarta,,,ID-JK,,ChIJnUvjRenzaS4RILjULejFAAE,10/5/2021,-15,9,-39,-33,-31,10
ID,Indonesia,Jakarta,,,ID-JK,,ChIJnUvjRenzaS4RILjULejFAAE,10/6/2021,-15,6,-35,-32,-30,10
ID,Indonesia,Jakarta,,,ID-JK,,ChIJnUvjRenzaS4RILjULejFAAE,10/7/2021,-13,7,-32,-32,-29,9
ID,Indonesia,Jakarta,,,ID-JK,,ChIJnUvjRenzaS4RILjULejFAAE,10/8/2021,-10,9,-25,-31,-28,10
ID,Indonesia,Jakarta,,,ID-JK,,ChIJnUvjRenzaS4RILjULejFAAE,10/9/2021,-12,12,-30,-24,-16,4
ID,Indonesia,Jakarta,,,ID-JK,,ChIJnUvjRenzaS4RILjULejFAAE,10/10/2021,-14,8,-35,-24,-11,4
ID,Indonesia,Jakarta,,,ID-JK,,ChIJnUvjRenzaS4RILjULejFAAE,10/11/2021,-16,4,-35,-33,-28,10
ID,Indonesia,Jakarta,,,ID-JK,,ChIJnUvjRenzaS4RILjULejFAAE,10/12/2021,-16,4,-35,-33,-30,10
ID,Indonesia,Jakarta,,,ID-JK,,ChIJnUvjRenzaS4RILjULejFAAE,10/13/2021,-15,4,-33,-32,-28,9
ID,Indonesia,Jakarta,,,ID-JK,,ChIJnUvjRenzaS4RILjULejFAAE,10/14/2021,-15,5,-32,-33,-28,10
ID,Indonesia,Jakarta,,,ID-JK,,ChIJnUvjRenzaS4RILjULejFAAE,10/15/2021,-12,8,-25,-31,-26,10
ID,Indonesia,Jakarta,,,ID-JK,,ChIJnUvjRenzaS4RILjULejFAAE,10/16/2021,-15,8,-32,-23,-16,5
